method	yearPublished	journal	impactFactor(2017)	Journal H5-index(2017)	totalCitations(2017)	H-index: (Corresponding author)(2017)	M-index (Corresponding author)(2017)	fullCite
abyss	2009; 2009	Genome research; Bioinformatics	14.630	107	1410; 176	Inanc Birol:36	Inanc Birol:4.5	Simpson, Jared T., Kim Wong, Shaun D. Jackman, Jacqueline E. Schein, Steven JM Jones, and Inan√ß Birol. "ABySS: a parallel assembler for short read sequence data." Genome research 19, no. 6 (2009): 1117-1123.; Birol, Inan√ß, Shaun D. Jackman, Cydney B. Nielsen, Jenny Q. Qian, Richard Varhol, Greg Stazyk, Ryan D. Morin et al. "De novo transcriptome assembly with ABySS." Bioinformatics 25, no. 21 (2009): 2872-2877.
antepiseeker	2010	BMC research notes	NA	38	34	NA	NA	Wang, Y., Liu, X., Robbins, K., & Rekaya, R. (2010). AntEpiSeeker: detecting epistatic interactions for case-control studies using a two-stage ant colony optimization algorithm. BMC research notes, 3(1), 117.
apg	2008	BMC bioinformatics	2.576	74	166	Antti Airola:13	Antti Airola:1.86	Airola, Antti, Sampo Pyysalo, Jari Bj√∂rne, Tapio Pahikkala, Filip Ginter, and Tapio Salakoski. "All-paths graph kernel for protein-protein interaction extraction with evaluation of cross-corpus learning." BMC bioinformatics 9, no. Suppl 11 (2008): S2.
barry	1987	Statistical Science	2.738	30	181	NA	NA	Barry, D., & Hartigan, J. A. (1987). Statistical analysis of hominoid molecular evolution. Statistical Science, 191-207.
bellerophontes	2012	Bioinformatics	4.981	106	17	Francesco Abate:7	Francesco Abate:1	Abate, Francesco, et al. "Bellerophontes: an RNA-Seq data analysis framework for chimeric transcripts discovery based on accurate fusion model." Bioinformatics 28.16 (2012): 2114-2121.
bfast	2009	PloS one	3.234	161	400	Barry Merriman:43	Barry Merriman:2.39	Homer, N., Merriman, B., & Nelson, S. F. (2009). BFAST: an alignment tool for large scale genome resequencing. PloS one, 4(11), e7767.
bismark	2011	Bioinformatics	4.900	106	329	Felix Krueger:14	Felix Krueger:3.5	Krueger, Felix, and Simon R. Andrews. "Bismark: a flexible aligner and methylation caller for Bisulfite-Seq applications." Bioinformatics 27, no. 11 (2011): 1571-1572.
biss	2012	PloS one	3.234	161	9	Arndt von Haeseler:50	Arndt von Haeseler:2.38	Dinh, Huy Q., Manu Dubin, Fritz J. Sedlazeck, Nicole Lettner, Ortrun Mittelsten Scheid, and Arndt von Haeseler. "Advanced methylome analysis after bisulfite deep sequencing: an example in Arabidopsis." PloS one 7, no. 7 (2012): e41528.
boost	2010	American Journal of Human Genetics	10.931	92	187	Weichuan Yu:21	Weichuan Yu:1.24	Wan, X., Yang, C., Yang, Q., Xue, H., Fan, X., Tang, N. L., & Yu, W. (2010). BOOST: A fast approach to detecting gene-gene interactions in genome-wide case-control studies. The American Journal of Human Genetics, 87(3), 325-340.
bowtie	2009	Genome biology	10.800	83	6616	Ben Langmead:13	Ben Langmead:2.17	Langmead, B., Trapnell, C., Pop, M., & Salzberg, S. L. (2009). Ultrafast and memory-efficient alignment of short DNA sequences to the human genome. Genome Biology, 10(3), R25. doi:10.1186/gb-2009-10-3-r25
bowtie2	2012	Nature methods	32.072	125	2602	Ben Langmead:13	Ben Langmead:2.17	Langmead, B., & Salzberg, S. L. (2012). Fast gapped-read alignment with Bowtie 2. Nature Methods, 9(4), 357‚Äì9. doi:10.1038/nmeth.1923
bowtiestar	2009	Genome biology	10.800	83	6616	Ben Langmead:13	Ben Langmead:2.17	Langmead, B., Trapnell, C., Pop, M., & Salzberg, S. L. (2009). Ultrafast and memory-efficient alignment of short DNA sequences to the human genome. Genome Biology, 10(3), R25. doi:10.1186/gb-2009-10-3-r25
bratbw	2010	Bioinformatics	4.900	106	42	NA	NA	Harris, Elena Y., Nadia Ponts, Aleksandr Levchuk, Karine Le Roch, and Stefano Lonardi. "BRAT: bisulfite-treated reads analysis tool." Bioinformatics26, no. 4 (2010): 572-573.
bsmap	2009	BMC bioinformatics	2.576	74	167	Wei Li:43	Wei Li:3.31	Xi, Yuanxin, and Wei Li. "BSMAP: whole genome bisulfite sequence MAPping program." BMC bioinformatics 10, no. 1 (2009): 232.
bsmooth	2012	Genome Biology	10.800	83	119	Kasper D. Hansen:25; Ben Langmead:15; Rafael A Irizarry:62	Kasper D. Hansen:2.5; Ben Langmead:2.14; Rafael A Irizarry:4.77	Hansen, K. D., Langmead, B., & Irizarry, R. A. (2012). BSmooth: from whole genome bisulfite sequencing reads to differentially methylated regions. Genome Biol, 13(10), R83.
bsseeker	2010	BMC bioinformatics	2.576	74	137	matteo pellegrini:47	matteo pellegrini:2.94	Chen, Pao-Yang, Shawn J. Cokus, and Matteo Pellegrini. "BS Seeker: precise mapping for bisulfite sequencing." BMC bioinformatics 11, no. 1 (2010): 203.
buckycon	2010	Bioinformatics	4.900	106	138	C√©cile An√©:19	C√©cile An√©:1.46	Larget, B. R., Kotha, S. K., Dewey, C. N., & An√©, C. (2010). BUCKy: gene tree/species tree reconciliation with Bayesian concordance analysis. Bioinformatics, 26(22), 2910-2911.
buckymrbayes	2010	Bioinformatics	4.900	106	138	C√©cile An√©:19	C√©cile An√©:1.46	Larget, B. R., Kotha, S. K., Dewey, C. N., & An√©, C. (2010). BUCKy: gene tree/species tree reconciliation with Bayesian concordance analysis. Bioinformatics, 26(22), 2910-2911.
buckymrbayesspa	2010	Bioinformatics	4.900	106	138	C√©cile An√©:19	C√©cile An√©:1.46	Larget, B. R., Kotha, S. K., Dewey, C. N., & An√©, C. (2010). BUCKy: gene tree/species tree reconciliation with Bayesian concordance analysis.Bioinformatics, 26(22), 2910-2911.
buckypop	2010	Bioinformatics	4.900	106	138	C√©cile An√©:19	C√©cile An√©:1.46	Larget, B. R., Kotha, S. K., Dewey, C. N., & An√©, C. (2010). BUCKy: gene tree/species tree reconciliation with Bayesian concordance analysis. Bioinformatics, 26(22), 2910-2911.
buckyraxml	2010	Bioinformatics	4.900	106	138	C√©cile An√©:19	C√©cile An√©:1.46	Larget, B. R., Kotha, S. K., Dewey, C. N., & An√©, C. (2010). BUCKy: gene tree/species tree reconciliation with Bayesian concordance analysis.Bioinformatics, 26(22), 2910-2911.
builder	1994; 1995	Journal of molecular biology; Nature Structural & Molecular Biology	4.333; 13.309	62; 94	341; 100	Patrice Koehl:38	Patrice Koehl:1.46	Koehl, P., & Delarue, M. (1994). Application of a self-consistent mean field theory to predict protein side-chains conformation and estimate their conformational entropy. Journal of molecular biology, 239(2), 249-275.; Koehl, P., & Delarue, M. (1995). A self consistent mean field approach to simultaneous gap closure and side-chain positioning in homology modelling. Nature Structural & Molecular Biology, 2(2), 163-170.
bwa	2009	Bioinformatics	4.900	106	6671	Richard Durbin:104	Richard Durbin:4.95	Li, H., & Durbin, R. (2009). Fast and accurate short read alignment with Burrows-Wheeler transform. Bioinformatics (Oxford, England), 25(14), 1754‚Äì60. doi:10.1093/bioinformatics/btp324
bwasw	2010	Bioinformatics	4.900	106	1731	Richard Durbin:104	Richard Durbin:4.95	Li, H., & Durbin, R. (2010). Fast and accurate long-read alignment with Burrows‚ÄìWheeler transform. Bioinformatics, 26(5), 589-595.
caml	2006	Systematic biology	14.387	57	58	Olivier Gascuel:36	Olivier Gascuel:2.25	Criscuolo, Alexis, Vincent Berry, Emmanuel JP Douzery, and Olivier Gascuel. "SDM: a fast distance-based approach for (super) tree building in phylogenomics." Systematic Biology 55, no. 5 (2006): 740-755.
camp	2001	Systematic biology	14.387	57	164	Olaf R.P. Bininda-Emonds:44	Olaf R.P. Bininda-Emonds:2.93	Bininda-Emonds, Olaf RP, and Michael J. Sanderson. "Assessment of the accuracy of matrix representation with parsimony analysis supertree construction." Systematic Biology 50, no. 4 (2001): 565-579.
carma	2008	Nucleic acids research	9.100	172	226; 85	Jens Stoye:42	Jens Stoye:2.33	Krause, L., Diaz, N.N., Goesmann, A., Kelley, S., Nattkemper, T.W., Rohwer, F., Edwards, R.A. and Stoye, J., 2008. Phylogenetic classification of short environmental DNA fragments. Nucleic acids research, 36(7), pp.2230-2239.; Gerlach, W. and Stoye, J., 2011. Taxonomic classification of metagenomic shotgun sequences with CARMA3. Nucleic acids research, p.gkr225.
ce	1998	Protein engineering	NA	NA	1944	Philip Bourne:54	Philip Bourne:3.6	Shindyalov, I. N., & Bourne, P. E. (1998). Protein structure alignment by incremental combinatorial extension (CE) of the optimal path. Protein engineering, 11(9), 739-747.
celera	2008	Bioinformatics	4.900	106	321	NA	NA	Miller, Jason R., Arthur L. Delcher, Sergey Koren, Eli Venter, Brian P. Walenz, Anushka Brownley, Justin Johnson, Kelvin Li, Clark Mobarry, and Granger Sutton. "Aggressive assembly of pyrosequencing reads with mates."Bioinformatics 24, no. 24 (2008): 2818-2824.
clark	2015	BMC genomics	3.986	80	6	Stefano Lonardi:34	Stefano Lonardi:2.27	Ounit, Rachid, Steve Wanamaker, Timothy J. Close, and Stefano Lonardi. "CLARK: fast and accurate classification of metagenomic and genomic sequences using discriminative k-mers." BMC genomics 16, no. 1 (2015): 236.
clc	NA	NA	NA	NA	NA	NA	NA	http://clcbio.com
clustalomega	2011	Molecular systems biology	10.872	73	1611	des higgins:56	des higgins:2.55	Sievers, F., Wilm, A., Dineen, D., Gibson, T. J., Karplus, K., Li, W., ... & Higgins, D. G. (2011). Fast, scalable generation of high‚Äêquality protein multiple sequence alignments using Clustal Omega. Molecular systems biology, 7(1), 539.
clustalw	1994; 2007	Nucleic acids research; Bioinformatics	9.112; 4.900	172; 106	52043; 13918	des higgins:56	des higgins:2.55	Thompson, Julie D., Desmond G. Higgins, and Toby J. Gibson. "CLUSTAL W: improving the sensitivity of progressive multiple sequence alignment through sequence weighting, position-specific gap penalties and weight matrix choice." Nucleic acids research 22, no. 22 (1994): 4673-4680.; Larkin, Mark A., Gordon Blackshields, N. P. Brown, R. Chenna, Paul A. McGettigan, Hamish McWilliam, Franck Valentin et al. "Clustal W and Clustal X version 2.0." Bioinformatics 23, no. 21 (2007): 2947-2948.
comus	NA	NA	NA	NA	NA	NA	NA	NA
coprarna	2013	Proceedings of the National Academy of Sciences	9.600	216	40	Jens Georg:12; Rolf Backofen:37	Jens Georg:1.5; Rolf Backofen:1.68	Wright, P. R., Richter, A. S., Papenfort, K., Mann, M., Vogel, J., Hess, W. R., ‚Ä¶ Georg, J. (2013). Comparative genomics boosts target prediction for bacterial small RNAs. Proceedings of the National Academy of Sciences of the United States of America, 110(37), E3487‚Äì96. doi:10.1073/pnas.1303248110
coral	2011	Bioinformatics	4.981	106	93	Leena Salmela:13	Leena Salmela:1.00	Salmela, L., & Schr√∂der, J. (2011). Correcting errors in short reads by multiple alignments. Bioinformatics, 27(11), 1455-1461.
cosine	2007	Proc. of the 2007 Joint Conf. on Empirical Methods in Natural Language Processing and Computational Natural Language Learning (EMNLP-CoNLL)	NA	NA	98	Dragomir Radev:50	Dragomir Radev:2.78	Erkan, G√ºnes, Arzucan √ñzg√ºr, and Dragomir R. Radev. "Semi-supervised classification for extracting protein interaction sentences using dependency parsing." In EMNLP-CoNLL, vol. 7, pp. 228-237. 2007.
crisp	2010	Bioinformatics	4.981	106	107	Vikas Bansal:17	Vikas Bansal:1.55	Bansal, V. (2010). A statistical method for the detection of variants from next-generation resequencing of DNA pools. Bioinformatics, 26(12), i318-i324.
cro	2010	Evolutionary Computation, IEEE Transactions on	NA	47	167	Albert Y.S. Lam:13; Victor O.K. Li:46	Albert Y.S. Lam:2.17; Victor O.K. Li:1.77	Lam, A., & Li, V. O. (2010). Chemical-reaction-inspired metaheuristic for optimization. Evolutionary Computation, IEEE Transactions on, 14(3), 381-399.
cromwell	2005	Proteomics	3.807	55	305	Kevin Coombes:52	Kevin Coombes:3.71	Coombes, K. R., Tsavachidis, S., Morris, J. S., Baggerly, K. A., Hung, M. C., & Kuerer, H. M. (2005). Improved peak detection and quantification of mass spectrometry data acquired from surface‚Äêenhanced laser desorption and ionization by denoising spectra with the undecimated discrete wavelet transform. Proteomics, 5(16), 4107-4117.
cufflinks	2012; 2010	Nature protocols; Nature biotechnology	9.673; 41.514	78; 141	1454; 3142	Cole Trapnell:25; Lior Pachter:51	Cole Trapnell:4.17; Lior Pachter:3.64	Trapnell, Cole, Adam Roberts, Loyal Goff, Geo Pertea, Daehwan Kim, David R. Kelley, Harold Pimentel, Steven L. Salzberg, John L. Rinn, and Lior Pachter. "Differential gene and transcript expression analysis of RNA-seq experiments with TopHat and Cufflinks." Nature protocols 7, no. 3 (2012): 562-578.; Trapnell, Cole, Brian A. Williams, Geo Pertea, Ali Mortazavi, Gordon Kwan, Marijke J. Van Baren, Steven L. Salzberg, Barbara J. Wold, and Lior Pachter. "Transcript assembly and quantification by RNA-Seq reveals unannotated transcripts and isoform switching during cell differentiation." Nature biotechnology 28, no. 5 (2010): 511-515.
cwt	2006	Bioinformatics	4.981	106	348	Simon M. Lin:31	Simon M. Lin:2.38	Du, P., Kibbe, W. A., & Lin, S. M. (2006). Improved peak detection in mass spectrum by incorporating continuous wavelet transform-based pattern matching. Bioinformatics, 22(17), 2059-2065.
dali	1993; 2000	Journal of molecular biology; Bioinformatics	‚Äé4.333	62	4067; 859	Chris Sander:131	Chris Sander:5.46	Holm, L., & Sander, C. (1993). Protein structure comparison by alignment of distance matrices. Journal of molecular biology, 233(1), 123-138.; Holm, L., & Park, J. (2000). DaliLite workbench for protein structure comparison. Bioinformatics, 16(6), 566-567.
de	2012	International Journal of Chemical Reactor Engineering	0.592	15	2	Feiyi Wang:21	Feiyi Wang:1.17	Chen, Y. T., & Wang, F. S. (2012). Determination of kinetic parameters for enzymatic cellulose hydrolysis using hybrid differential evolution. International Journal of Chemical Reactor Engineering, 9(1).
dexseq	2012	Genome research	14.630	107	234	Simon Anders:17	Simon Anders:1.7	Anders, Simon, Alejandro Reyes, and Wolfgang Huber. "Detecting differential usage of exons from RNA-seq data." Genome research 22, no. 10 (2012): 2008-2017.
dialign	1998	Bioinformatics	4.900	106	413	Burkhard Morgenstern:34	Burkhard Morgenstern:2.27	Morgenstern, B., Frech, K., Dress, A., & Werner, T. (1998). DIALIGN: finding local similarities by multiple sequence alignment. Bioinformatics, 14(3), 290-294.
dialign22	1999; 1998	Bioinformatics; Bioinformatics	4.900	106	779; 412	Burkhard Morgenstern:34	Burkhard Morgenstern:2.27	Morgenstern, Burkhard. "DIALIGN 2: improvement of the segment-to-segment approach to multiple sequence alignment." Bioinformatics 15, no. 3 (1999): 211-218.; Morgenstern, Burkhard, Kornelie Frech, Andreas Dress, and Thomas Werner. "DIALIGN: finding local similarities by multiple sequence alignment." Bioinformatics 14, no. 3 (1998): 290-294.
dialignt	2005	BMC bioinformatics	2.576	74	155	Burkhard Morgenstern:34	Burkhard Morgenstern:2.27	Subramanian, Amarendran R., Jan Weyer-Menkhoff, Michael Kaufmann, and Burkhard Morgenstern. "DIALIGN-T: an improved algorithm for segment-based multiple sequence alignment." BMC bioinformatics 6, no. 1 (2005): 66.
dialigntx	2008	Algorithms for molecular biology	1.463	19	178	Burkhard Morgenstern:34	Burkhard Morgenstern:2.27	Subramanian, Amarendran R., Michael Kaufmann, and Burkhard Morgenstern. "DIALIGN-TX: greedy and progressive approaches for segment-based multiple sequence alignment." Algorithms Mol Biol 3, no. 6 (2008): 1-11.
diffsplice	2013	Nucleic acids research	9.112	172	36	NA	NA	Hu, Yin, Yan Huang, Ying Du, Christian F. Orellana, Darshan Singh, Amy R. Johnson, Ana√Øs Monroy et al. "DiffSplice: the genome-wide detection of differential splicing events with RNA-seq." Nucleic acids research 41, no. 2 (2013): e39-e39.
diginormvelvet	2012; 2008	arXiv Genomics (q-bio.GN); Genome research	14.630	36; 107	64; 4163	C. Titus Brown:29; Ewan Birney:92	C. Titus Brown:1.71; Ewan Birney:6.13	Brown, C. T., Howe, A., Zhang, Q., Pyrkosz, A. B., & Brom, T. H. (2012). A reference-free algorithm for computational normalization of shotgun sequencing data. arXiv preprint arXiv:1203.4802.; Zerbino, D. R., & Birney, E. (2008). Velvet: algorithms for de novo short read assembly using de Bruijn graphs. Genome research, 18(5), 821-829.
dima	2012; 2013	arXiv Genomics (q-bio.GN); Proceedings of the VLDB Endowment	NA	36	64; 8	C. Titus Brown:29; Subhash Suri:65	C. Titus Brown:1.71; Subhash Suri:2.5	Brown, C. T., Howe, A., Zhang, Q., Pyrkosz, A. B., & Brom, T. H. (2012). A reference-free algorithm for computational normalization of shotgun sequencing data. arXiv preprint arXiv:1203.4802.; Li, Y., Kamousi, P., Han, F., Yang, S., Yan, X., & Suri, S. (2013, January). Memory efficient minimum substring partitioning. In Proceedings of the VLDB Endowment (Vol. 6, No. 3, pp. 169-180). VLDB Endowment.
djigsaw	2001	Proteins: Structure, Function, and Bioinformatics	NA	45	561	Paul A Bates:48	Paul A Bates:1.85	Bates, P. A., Kelley, L. A., MacCallum, R. M., & Sternberg, M. J. (2001). Enhancement of protein modeling by human intervention in applying the automatic programs 3D‚ÄêJIGSAW and 3D‚ÄêPSSM. Proteins: Structure, Function, and Bioinformatics, 45(S5), 39-46.
downhillsimplex	1965	Computer Journal.	0.787	27	106	NA	NA	JA Nelder, R Mead (1965) The downhill simplex method. Computer Journal.
dsgseq	2013	Gene	2.138	43	17	NA	NA	Wang, Weichen, Zhiyi Qin, Zhixing Feng, Xi Wang, and Xuegong Zhang. "Identifying differentially spliced genes from two groups of RNA-seq samples."Gene 518, no. 1 (2013): 164-170.
ebi	2014	Nucleic acids research	9.112	172	25	Sarah Hunter:12; 	Sarah Hunter:1.5; 	Hunter, S., Corbett, M., Denise, H., Fraser, M., Gonzalez-Beltran, A., Hunter, C., ... & Sansone, S. A. (2014). EBI metagenomics‚Äîa new resource for the analysis and archiving of metagenomic data. Nucleic acids research, 42(D1), D600-D606.
echo	2011	Genome research	14.630	107	83	NA	NA	Kao, W. C., Chan, A. H., & Song, Y. S. (2011). ECHO: a reference-free short-read error correction algorithm. Genome research, 21(7), 1181-1192.
edenanonstrict	2008	Genome research	14.630	107	457	David Hernandez:18	David Hernandez:1.64	Hernandez, David, Patrice Fran√ßois, Laurent Farinelli, Magne √òster√•s, and Jacques Schrenzel. "De novo bacterial genome sequencing: millions of very short reads assembled on a desktop computer." Genome research 18, no. 5 (2008): 802-809.
edenastrict	2008	Genome research	14.630	107	457	David Hernandez:18	David Hernandez:1.64	Hernandez, David, Patrice Fran√ßois, Laurent Farinelli, Magne √òster√•s, and Jacques Schrenzel. "De novo bacterial genome sequencing: millions of very short reads assembled on a desktop computer." Genome research 18, no. 5 (2008): 802-809.
edit	2007	Proc. of the 2007 Joint Conf. on Empirical Methods in Natural Language Processing and Computational Natural Language Learning (EMNLP-CoNLL)	NA	NA	98	Gunes Erkan:13; Arzucan Ozgur:12; Dragomir Radev:50	Gunes Erkan:1.18; Arzucan Ozgur:1.2; Dragomir Radev:2.78;	Erkan, G√ºnes, Arzucan √ñzg√ºr, and Dragomir R. Radev. "Semi-supervised classification for extracting protein interaction sentences using dependency parsing." In EMNLP-CoNLL, vol. 7, pp. 228-237. 2007.
epimode	2009	PLoS Genetics	7.528	109	54	Rui Jiang:19	Rui Jiang:1.73	Tang, W., Wu, X., Jiang, R., & Li, Y. (2009). Epistatic module detection for case-control studies: a Bayesian model with a Gibbs sampling strategy. PLoS Genet, 5(5), e1000464.
ericscript	2012	Bioinformatics	4.981	106	15	Matteo Benelli:11	Matteo Benelli:1.83	Benelli, M., Pescucci, C., Marseglia, G., Severgnini, M., Torricelli, F., & Magi, A. (2012). Discovering chimeric transcripts in paired-end RNA-seq data by using EricScript. Bioinformatics, 28(24), 3232-3239.
erpin	2001	Journal of molecular biology	‚Äé4.333	62	198	Daniel Gautheret:36	Daniel Gautheret:1.64	Gautheret, Daniel, and Andr√© Lambert. "Direct RNA motif definition and identification from multiple sequence alignments using secondary structure profiles." Journal of molecular biology 313, no. 5 (2001): 1003-1011.
fa	2009	Stochastic algorithms: foundations and applications	NA	NA	943	Xin-She Yang:45	Xin-She Yang:5	Yang, X. S. (2009). Firefly algorithms for multimodal optimization. In Stochastic algorithms: foundations and applications (pp. 169-178). Springer Berlin Heidelberg.
fasta	1990; 1988	Methods in enzymology; Proceedings of the National Academy of Sciences	2.088;  ‚Äé9.674	38; 216	2221; 11775	William Pearson:43	William Pearson:1.43	Pearson, William R. "[5] Rapid and sensitive sequence comparison with FASTP and FASTA." Methods in enzymology 183 (1990): 63-98.; Pearson, W. R., & Lipman, D. J. (1988). Improved tools for biological sequence comparison. Proceedings of the National Academy of Sciences, 85(8), 2444-2448.
fasttree	2009	Molecular biology and evolution	9.100	65	616	Morgan Price:34	Morgan Price:1.79	Price, M.N., Dehal, P.S., and Arkin, A.P. (2009) FastTree: Computing Large Minimum-Evolution Trees with Profiles instead of a Distance Matrix. Molecular Biology and Evolution 26:1641-1650, doi:10.1093/molbev/msp077.
fisherexacttest	1922	Journal of the Royal Statistical Society	3.515	37	1367	NA	NA	Fisher, R. A. (1922). On the interpretation of œá2 from contingency tables, and the calculation of P. Journal of the Royal Statistical Society, 85(1), 87-94.
fusioncatcher	2014	bioRxiv	NA	NA	6	Daniel Nicorici:14	Daniel Nicorici:1.08	Nicorici, D., Satalan, M., Edgren, H., Kangaspeska, S., Murumagi, A., Kallioniemi, O., Virtanen, S. and Kilkku, O., 2014. FusionCatcher-a tool for finding somatic fusion genes in paired-end RNA-sequencing data. bioRxiv, p.011650.
fusionmap	2011	Bioinformatics	4.981	106	98	NA	NA	Ge, H., Liu, K., Juan, T., Fang, F., Newman, M., & Hoeck, W. (2011). FusionMap: detecting fusion genes from next-generation sequencing data at base-pair resolution. Bioinformatics, 27(14), 1922-1928.
gassst	2010	Bioinformatics	4.900	106	58	Dominique Lavenier:23	Dominique Lavenier:0.88	Rizk, G., & Lavenier, D. (2010). GASSST: global alignment short sequence search tool. Bioinformatics, 26(20), 2534-2540.
gatk	2010	Genome research	14.630	107	3421	Mark DePristo:36	Mark DePristo:3.00	McKenna, A., Hanna, M., Banks, E., Sivachenko, A., Cibulskis, K., Kernytsky, A., Garimella, K., Altshuler, D., Gabriel, S., Daly, M. and DePristo, M.A., 2010. The Genome Analysis Toolkit: a MapReduce framework for analyzing next-generation DNA sequencing data. Genome research, 20(9), pp.1297-1303.
genometa	2012	PloS one	3.234	161	16	Colin Davenport:10	Colin Davenport:1.43	Davenport, Colin F., Jens Neugebauer, Nils Beckmann, Benedikt Friedrich, Burim Kameri, Svea Kokott, Malte Paetow et al. "Genometa-a fast and accurate classifier for short metagenomic shotgun reads." (2012): e41224.
gojobori	1982	Journal of Molecular Evolution	1.680	23	355	NA	NA	Gojobori, T., Li, W. H., & Graur, D. (1982). Patterns of nucleotide substitution in pseudogenes and functional genes. Journal of Molecular Evolution, 18(5), 360-369.
goldman	1996	Journal of molecular biology	4.333	62	123	Nick Goldman:49	Nick Goldman:2.45	Goldman, N., Thorne, J. L., & Jones, D. T. (1996). Using evolutionary trees in protein secondary structure prediction and other comparative sequence analyses. Journal of molecular biology, 263(2), 196-208.
gossamer	2011	Bioinformatics	4.900	106	60	Thomas Conway:15	Thomas Conway:0.71	Conway, T. C., & Bromage, A. J. (2011). Succinct data structures for assembling large genomes. Bioinformatics, 27(4), 479-486.
gottcha	2015	Nucleic acids research	9.112	172	3	NA	NA	Freitas, Tracey Allen K., Po-E. Li, Matthew B. Scholz, and Patrick SG Chain. "Accurate read-based metagenome characterization using a hierarchical suite of unique signatures." Nucleic acids research (2015): gkv180.
greedyft	1991	NA	NA	NA	605	David Swofford:42	David Swofford:1.75	Swofford, D. L., & Documentation, B. (1991). Phylogenetic analysis using parsimony. Illinois Natural History Survey, Champaign, IL.
gsnap	2010	Bioinformatics	4.900	106	625	NA	NA	Wu, T. D., & Nacu, S. (2010). Fast and SNP-tolerant detection of complex variants and splicing in short reads. Bioinformatics (Oxford, England), 26(7), 873‚Äì81. doi:10.1093/bioinformatics/btq057
heidge	NA	NA	NA	NA	NA	NA	NA	NA
hitec	2011	Bioinformatics	4.981	106	103	NA	NA	Ilie, L., Fazayeli, F., & Ilie, S. (2011). HiTEC: accurate error correction in high-throughput sequencing data. Bioinformatics, 27(3), 295-302.
hmmer	1998	Bioinformatics	4.900	106	3803	Sean R. Eddy:71	Sean R. Eddy:4.18	Eddy, Sean R. "Profile hidden Markov models." Bioinformatics 14, no. 9 (1998): 755-763.
hshrec	2010	Bioinformatics	4.981	106	83	Leena Salmela:13	Leena Salmela:1.00	Salmela, L. (2010). Correction of sequencing errors in a mixed set of reads. Bioinformatics, 26(10), 1284-1290.
idbaud	2012	Bioinformatics	4.900	106	276	NA	NA	Peng, Y., Leung, H. C., Yiu, S. M., & Chin, F. Y. (2012). IDBA-UD: a de novo assembler for single-cell and metagenomic sequencing data with highly uneven depth. Bioinformatics, 28(11), 1420-1428.
igtpduplossft	2010	BMC bioinformatics	2.576	74	42	Oliver Eulenstein:23	Oliver Eulenstein:1.28	Chaudhary, R., Bansal, M. S., Wehe, A., Fern√°ndez-Baca, D., & Eulenstein, O. (2010). iGTP: A software package for large-scale gene tree parsimony analysis. BMC bioinformatics, 11(1), 574.
inchworm	2011	Nature biotechnology	41.514	141	2253	Nir Friedman:76	Nir Friedman:4.47	Grabherr, M. G., Haas, B. J., Yassour, M., Levin, J. Z., Thompson, D. A., Amit, I., ... & Regev, A. (2011). Full-length transcriptome assembly from RNA-Seq data without a reference genome. Nature biotechnology, 29(7), 644-652.
infernal	2002	BMC bioinformatics	2.576	74	249	Sean R. Eddy:71	Sean R. Eddy:4.18	Eddy, Sean R. "A memory-efficient dynamic programming algorithm for optimal alignment of a sequence to an RNA secondary structure." BMC bioinformatics3, no. 1 (2002): 18.
intarna	2008	Bioinformatics	4.981	106	180	Rolf Backofen:37	Rolf Backofen:1.68	Busch, A., Richter, A. S., & Backofen, R. (2008). IntaRNA: efficient prediction of bacterial sRNA targets incorporating target site accessibility and seed regions. Bioinformatics (Oxford, England), 24(24), 2849‚Äì56. doi:10.1093/bioinformatics/btn544
jaffa	2015	Genome Med	5.810	40	5	Alicia Oshlack:23	Alicia Oshlack:1.77	Davidson, N. M., Majewski, I. J., & Oshlack, A. (2015). JAFFA: High sensitivity transcriptome-focused fusion gene detection. Genome Med, 7(1), 43.
kalign	2005	BMC bioinformatics	2.576	74	396	Timo Lassmann:31	Timo Lassmann:3.44	Lassmann, Timo, and Erik LL Sonnhammer. "Kalign‚Äìan accurate and fast multiple sequence alignment algorithm." BMC bioinformatics 6, no. 1 (2005): 298.
kbsps	2009	Master's Thesis, Technische Universit√§t Berlin	NA	NA	4	NA	NA	Palaga, Peter. "Extracting relations from biomedical texts using syntactic information." M√©moire de DEA, Technische Universit√§t Berlin 138 (2009).
kraken	2014	Genome biology	10.800	83	80	Derrick Wood:4	Derrick Wood:2	Wood, Derrick E., and Steven L. Salzberg. "Kraken: ultrafast metagenomic sequence classification using exact alignments." Genome Biol 15, no. 3 (2014): R46.
kthse	NA	NA	NA	NA	NA	NA	NA	NA
leidnl	NA	NA	NA	NA	NA	NA	NA	NA
limpic	2007	BMC bioinformatics	2.576	74	93	Andrea Urbani:39	Andrea Urbani:2.05	Mantini, D., Petrucci, F., Pieragostino, D., Del Boccio, P., Di Nicola, M., Di Ilio, C., Federici, G., Sacchetta, P., Comani, S. and Urbani, A., 2007. LIMPIC: a computational method for the separation of protein MALDI-TOF-MS signals from noise. BMC bioinformatics, 8(1), p.1.
lmat	2013	Bioinformatics	4.981	106	29	Jonathan E Allen:15	Jonathan E Allen:1.15	Ames, Sasha K., David A. Hysom, Shea N. Gardner, G. Scott Lloyd, Maya B. Gokhale, and Jonathan E. Allen. "Scalable metagenomic taxonomy classification using a reference genome database." Bioinformatics 29, no. 18 (2013): 2253-2260.
lms	2003	Biostatistics	2.649	29	289	Yutaka Yasui:85	Yutaka Yasui:4.25	Yasui, Y., Pepe, M., Thompson, M.L., Adam, B.L., Wright, G.L., Qu, Y., Potter, J.D., Winget, M., Thornquist, M. and Feng, Z., 2003. A data‚Äêanalytic strategy for protein biomarker discovery: profiling of high‚Äêdimensional proteomic data for cancer detection. Biostatistics, 4(3), pp.449-463.
lofreq	2012	Nucleic acids research	9.100	172	66	 Niranjan Nagarajan:23	 Niranjan Nagarajan:2.09	Wilm, A., Aw, P.P.K., Bertrand, D., Yeo, G.H.T., Ong, S.H., Wong, C.H., Khor, C.C., Petric, R., Hibberd, M.L. and Nagarajan, N., 2012. LoFreq: a sequence-quality aware, ultra-sensitive variant caller for uncovering cell-population heterogeneity from high-throughput sequencing datasets. Nucleic acids research, p.gks918.
lsqman	1996	Acta Crystallographica Section D: Biological Crystallography	NA	36	556	NA	NA	Kleywegt, G. J. (1996). Use of non-crystallographic symmetry in protein structure refinement. Acta Crystallographica Section D: Biological Crystallography, 52(4), 842-857.
mafft	2008; 2005	Briefings in bioinformatics; Nucleic acids research	9.617; 9.112	46; 172	1829; 2534	Kazutaka Katoh:22	Kazutaka Katoh:1.57	Katoh, Kazutaka, and Hiroyuki Toh. "Recent developments in the MAFFT multiple sequence alignment program." Briefings in bioinformatics 9, no. 4 (2008): 286-298.; Katoh, Kazutaka, Kei-ichi Kuma, Hiroyuki Toh, and Takashi Miyata. "MAFFT version 5: improvement in accuracy of multiple sequence alignment." Nucleic acids research 33, no. 2 (2005): 511-518.
mafftfftns	2008; 2005	Briefings in bioinformatics; Nucleic acids research	9.617; 9.112	46; 172	1829; 2534	Kazutaka Katoh:22	Kazutaka Katoh:1.57	Katoh, Kazutaka, and Hiroyuki Toh. "Recent developments in the MAFFT multiple sequence alignment program." Briefings in bioinformatics 9, no. 4 (2008): 286-298.; Katoh, Kazutaka, Kei-ichi Kuma, Hiroyuki Toh, and Takashi Miyata. "MAFFT version 5: improvement in accuracy of multiple sequence alignment." Nucleic acids research 33, no. 2 (2005): 511-518.
mafftfftns2	2008; 2005	Briefings in bioinformatics; Nucleic acids research	9.617; 9.112	46; 172	1829; 2534	Kazutaka Katoh:22	Kazutaka Katoh:1.57	Katoh, Kazutaka, and Hiroyuki Toh. "Recent developments in the MAFFT multiple sequence alignment program." Briefings in bioinformatics 9, no. 4 (2008): 286-298.; Katoh, Kazutaka, Kei-ichi Kuma, Hiroyuki Toh, and Takashi Miyata. "MAFFT version 5: improvement in accuracy of multiple sequence alignment." Nucleic acids research 33, no. 2 (2005): 511-518.
mafftlinsi	2008; 2005	Briefings in bioinformatics; Nucleic acids research	9.617; 9.112	46; 172	1829; 2534	Kazutaka Katoh:22	Kazutaka Katoh:1.57	Katoh, Kazutaka, and Hiroyuki Toh. "Recent developments in the MAFFT multiple sequence alignment program." Briefings in bioinformatics 9, no. 4 (2008): 286-298.; Katoh, Kazutaka, Kei-ichi Kuma, Hiroyuki Toh, and Takashi Miyata. "MAFFT version 5: improvement in accuracy of multiple sequence alignment." Nucleic acids research 33, no. 2 (2005): 511-518.
mapsplice	2010	Nucleic acids research	9.100	172	332	NA	NA	Wang, K., Singh, D., Zeng, Z., Coleman, S.J., Huang, Y., Savich, G.L., He, X., Mieczkowski, P., Grimm, S.A., Perou, C.M. and MacLeod, J.N., 2010. MapSplice: accurate mapping of RNA-seq reads for splice junction discovery. Nucleic acids research, 38(18), pp.e178-e178.
maq	2008	Genome research	14.630	107	2063	Richard Durbin:104	Richard Durbin:4.95	Li, H., Ruan, J., & Durbin, R. (2008). Mapping short DNA sequencing reads and calling variants using mapping quality scores. Genome Research, 18(11), 1851‚Äì8. doi:10.1101/gr.078212.108
mats	2012	Nucleic acids research	9.112	172	73	Yi Xing:36	Yi Xing:3.27	Shen, Shihao, Juw Won Park, Jian Huang, Kimberly A. Dittmar, Zhi-xiang Lu, Qing Zhou, Russ P. Carstens, and Yi Xing. "MATS: a Bayesian framework for flexible detection of differential alternative splicing from RNA-Seq data." Nucleic acids research (2012): gkr1291.
megan	2007; 2011	Genome research; Genome research	14.630	107	1108; 488	Daniel H. Huson:51; Stephan C. Schuster:61	Daniel H. Huson:3.4; Stephan C. Schuster:3.05	Huson, Daniel H., Alexander F. Auch, Ji Qi, and Stephan C. Schuster. "MEGAN analysis of metagenomic data." Genome research 17, no. 3 (2007): 377-386.; Huson, Daniel H., Suparna Mitra, Hans-Joachim Ruscheweyh, Nico Weber, and Stephan C. Schuster. "Integrative analysis of environmental sequences using MEGAN4." Genome research 21, no. 9 (2011): 1552-1560.
metaphlan	2012	Nature methods	32.072	125	229	Curtis Huttenhower:42	Curtis Huttenhower:5.25	Segata, Nicola, Levi Waldron, Annalisa Ballarini, Vagheesh Narasimhan, Olivier Jousson, and Curtis Huttenhower. "Metagenomic microbial community profiling using unique clade-specific marker genes." Nature methods 9, no. 8 (2012): 811-814.
metaphyler	2010	Bioinformatics and Biomedicine (BIBM), 2010 IEEE International Conference on	NA	14	32	Mihai Pop:42	Mihai Pop:3.5	Liu, Bo, Theodore Gibbons, Mohammad Ghodsi, and Mihai Pop. "MetaPhyler: Taxonomic profiling for metagenomic sequences." In Bioinformatics and Biomedicine (BIBM), 2010 IEEE International Conference on, pp. 95-100. IEEE, 2010.
methylkit	2012	Genome Biology	10.800	83	130	Altuna Akalin:18; Christopher Mason:30	Altuna Akalin:1.8; Christopher Mason:2.73	Akalin, A., Kormaksson, M., Li, S., Garrett-Bakelman, F. E., Figueroa, M. E., Melnick, A., & Mason, C. E. (2012). methylKit: a comprehensive R package for the analysis of genome-wide DNA methylation profiles. Genome Biol, 13(10), R87.
methylsig	2014	Bioinformatics	4.981	106	23	NA	NA	Park, Y., Figueroa, M. E., Rozek, L. S., & Sartor, M. A. (2014). MethylSig: a whole genome DNA methylation analysis pipeline. Bioinformatics, btu339.
mgrast	2008	BMC bioinformatics	2.576	74	1239	Folker Meyer:45	Folker Meyer:3.75	Meyer, Folker, Daniel Paarmann, Mark D'Souza, Robert Olson, Elizabeth M. Glass, Michael Kubal, Tobias Paczian et al. "The metagenomics RAST server‚Äìa public resource for the automatic phylogenetic and functional analysis of metagenomes." BMC bioinformatics 9, no. 1 (2008): 386.
minia	2013	Algorithms for molecular biology	1.463	19	85	Rayan Chikhi:12	Rayan Chikhi:1.71	Chikhi, R., & Rizk, G. (2013). Space-efficient and exact de Bruijn graph representation based on a Bloom filter. Algorithms for Molecular Biology, 8(22), 1.
mira	2004	Genome research	14.630	107	554	Bastien Chevreux:9	Bastien Chevreux:0.9	Chevreux, Bastien, Thomas Pfisterer, Bernd Drescher, Albert J. Driesel, Werner EG M√ºller, Thomas Wetter, and S√°ndor Suhai. "Using the miraEST assembler for reliable and automated mRNA transcript assembly and SNP detection in sequenced ESTs." Genome research 14, no. 6 (2004): 1147-1159.
mirdeep	2008	Nature biotechnology	41.514	141	630	Nikolaus Rajewsky:48	Nikolaus Rajewsky:3	Friedl√§nder, M. R., Chen, W., Adamidi, C., Maaskola, J., Einspanier, R., Knespel, S., & Rajewsky, N. (2008). Discovering microRNAs from deep sequencing data using miRDeep. Nature biotechnology, 26(4), 407-415.
mireap	2009	Genome Biology	10.800	83	110	NA	NA	Chen, X., Li, Q., Wang, J., Guo, X., Jiang, X., Ren, Z., ... & Ma, L. (2009). Identification and characterization of novel amphioxus microRNAs by Solexa sequencing. Genome Biol, 10(7), R78.
mirena	2010	Bioinformatics	4.981	106	82	NA	NA	Mathelier, A., & Carbone, A. (2010). MIReNA: finding microRNAs with high accuracy and no learning at genome scale and from deep sequencing data. Bioinformatics, 26(18), 2226-2234.
mirexpress	2009	BMC bioinformatics	2.576	74	108	NA	NA	Wang, W. C., Lin, F. M., Chang, W. C., Lin, K. Y., Huang, H. D., & Lin, N. S. (2009). miRExpress: analyzing high-throughput sequencing data for profiling microRNA expression. BMC bioinformatics, 10(1), 1.
mlclustalw	NA	NA	NA	NA	NA	NA	NA	NA
mlclustalwquicktree	NA	NA	NA	NA	NA	NA	NA	NA
mlmafft	NA	NA	NA	NA	NA	NA	NA	NA
mlmafftparttree	NA	NA	NA	NA	NA	NA	NA	NA
mlmuscle	NA	NA	NA	NA	NA	NA	NA	NA
mlopal	NA	NA	NA	NA	NA	NA	NA	NA
mlprankgt	NA	NA	NA	NA	NA	NA	NA	NA
modellerv	1993	Journal of molecular biology	‚Äé4.333	62	8074	Andrej Sali:96	Andrej Sali:4.57	≈†ali, A., & Blundell, T. L. (1993). Comparative protein modelling by satisfaction of spatial restraints. Journal of molecular biology, 234(3), 779-815.
mosaik	2014	PloS one	3.234	161	54	Wan-Ping Lee:12	Wan-Ping Lee:1.71	Lee, W. P., Stromberg, M. P., Ward, A., Stewart, C., Garrison, E. P., & Marth, G. T. (2014). MOSAIK: a hash-based algorithm for accurate next-generation sequencing short-read mapping. PloS one, 9(3), e90581.
motu	2013	Nature methods	32.072	125	62	Peer Bork:158	Peer Bork:7.9	Sunagawa, Shinichi, Daniel R. Mende, Georg Zeller, Fernando Izquierdo-Carrasco, Simon A. Berger, Jens Roat Kultima, Luis Pedro Coelho et al. "Metagenomic species profiling using universal phylogenetic marker genes."Nature methods 10, no. 12 (2013): 1196-1199.
mpest	2010	BMC evolutionary biology	3.368	52	135	liang liu:20	liang liu:2.5	Liu, L., Yu, L., & Edwards, S. V. (2010). A maximum pseudo-likelihood approach for estimating species trees under the coalescent model. BMC evolutionary biology, 10(1), 302.
mpjclustalw	NA	NA	NA	NA	NA	NA	NA	NA
mpsclustalw	NA	NA	NA	NA	NA	NA	NA	NA
mrfast	2009	Nature genetics	29.300	182	449	Evan Eichler:123	Evan Eichler:7.2	Alkan, Can, et al. "Personalized copy number and segmental duplication maps using next-generation sequencing." Nature genetics 41.10 (2009): 1061-1067.
mrpml	1992;1992	Molecular phylogenetics and evolution; Taxon	3.916; 3.299	51; 29	391;465	Mark A. Ragan:46	Mark A. Ragan:1.31	Ragan, Mark A. "Phylogenetic inference based on matrix representation of trees." Molecular phylogenetics and evolution 1, no. 1 (1992): 53-58; Baum, Bernard R. "Combining trees as a way of combining data sets for phylogenetic inference, and the desirability of combining gene trees." Taxon (1992): 3-10.
mrpmp	1992;1992	Molecular phylogenetics and evolution; Taxon	3.916; 3.299	51; 29	391;465	Mark A. Ragan:46	Mark A. Ragan:1.31	Ragan, Mark A. "Phylogenetic inference based on matrix representation of trees." Molecular phylogenetics and evolution 1, no. 1 (1992): 53-58; Baum, Bernard R. "Combining trees as a way of combining data sets for phylogenetic inference, and the desirability of combining gene trees." Taxon (1992): 3-10.
mrsfast	2010	Nature methods	32.072	125	162	Cenk Sahinalp:35	Cenk Sahinalp:2.33	Hach, F., Hormozdiari, F., Alkan, C., Hormozdiari, F., Birol, I., Eichler, E. E., & Sahinalp, S. C. (2010). mrsFAST: a cache-oblivious algorithm for short-read mapping. Nature Methods, 7(8), 576‚Äì7. doi:10.1038/nmeth0810-576
msinspect	2006	Bioinformatics	4.981	106	239	NA	NA	Bellew, M., Coram, M., Fitzgibbon, M., Igra, M., Randolph, T., Wang, P., ... & McIntosh, M. (2006). A suite of algorithms for the comprehensive analysis of complex protein mixtures using high-resolution LC-MS. Bioinformatics, 22(15), 1902-1909.
multalin	1988	Nucleic acids research	9.112	172	3983	NA	NA	Corpet, F. (1988). Multiple sequence alignment with hierarchical clustering. Nucleic acids research, 16(22), 10881-10890.
muscle	2004	BMC bioinformatics	2.576	74	3080	Robert C. Edgar:23	Robert C. Edgar:2.3	Edgar, Robert C. "MUSCLE: a multiple sequence alignment method with reduced time and space complexity." BMC bioinformatics 5, no. 1 (2004): 113.
musclemaxiters	2004	BMC bioinformatics	2.576	74	3080	Robert C. Edgar:23	Robert C. Edgar:2.3	Edgar, Robert C. "MUSCLE: a multiple sequence alignment method with reduced time and space complexity." BMC bioinformatics 5, no. 1 (2004): 113.
mzmine	2006	Bioinformatics	4.981	106	439	Matej Ore≈°iƒç:56	Matej Ore≈°iƒç:5.09	Katajamaa, M., Miettinen, J., & Ore≈°iƒç, M. (2006). MZmine: toolbox for processing and visualization of mass spectrometry based molecular profile data. Bioinformatics, 22(5), 634-636.
nbc	2008; 2011	Advances in bioinformatics; Bioinformatics	4.981	106	54; 92	Gail Rosen:13	Gail Rosen:1.08	Rosen, G., Garbarine, E., Caseiro, D., Polikar, R., & Sokhansanj, B. (2008). Metagenome Fragment Classification Using ùëÅ-Mer Frequency Profiles. Advances in bioinformatics, 2008.; Rosen, G. L., Reichenberger, E. R., & Rosenfeld, A. M. (2011). NBC: the Naive Bayes Classification tool webserver for taxonomic classification of metagenomic reads. Bioinformatics, 27(1), 127-129.
ncbiblast	1990	Journal of molecular biology	‚Äé4.333	62	56158	Stephen Altschul:46	Stephen Altschul:2	Altschul, Stephen F., Warren Gish, Webb Miller, Eugene W. Myers, and David J. Lipman. "Basic local alignment search tool." Journal of molecular biology" 215, no. 3 (1990): 403-410.
nest	2003	Proteins: Structure, Function, and Bioinformatics	NA	45	298	NA	NA	Petrey, D., Xiang, Z., Tang, C. L., Xie, L., Gimpelev, M., Mitros, T., ... & Honig, B. (2003). Using multiple structure alignments, fast model building, and energetic analysis in fold recognition and homology modeling. Proteins: Structure, Function, and Bioinformatics, 53(S6), 430-435.
newbler	2005	Nature	41.456	377	6213	NA	NA	Margulies, Marcel, Michael Egholm, William E. Altman, Said Attiya, Joel S. Bader, Lisa A. Bemben, Jan Berka et al. "Genome sequencing in microfabricated high-density picolitre reactors." Nature 437, no. 7057 (2005): 376-380.
nfuse	2012	Genome research	14.630	107	34	Cenk Sahinalp:35	Cenk Sahinalp:2.33	McPherson, A., Wu, C., Wyatt, A. W., Shah, S., Collins, C., & Sahinalp, S. C. (2012). nFuse: discovery of complex genomic rearrangements in cancer using high-throughput sequencing. Genome research.
novoalign	NA	NA	NA	NA	NA	NA	NA	http://www.novocraft.com/
oases	2012	Bioinformatics	4.981	106	518	Daniel R. Zerbino:16	Daniel R. Zerbino:2	Schulz, Marcel H., et al. "Oases: robust de novo RNA-seq assembly across the dynamic range of expression levels." Bioinformatics 28.8 (2012): 1086-1092.
onecodex	NA	NA	NA	NA	NA	NA	NA	https://www.onecodex.com/
openms	2008	BMC bioinformatics	2.576	74	329	NA	NA	Sturm, Marc, et al. "OpenMS‚Äìan open-source software framework for mass spectrometry." BMC bioinformatics 9.1 (2008): 163.
pairfold	2005	Journal of molecular biology	‚Äé4.333	62	92	Anne Condon:39	Anne Condon:1.56	Mirela Andronescu, Zhi Chuan Zhang , Anne Condon RNAsoft: a suite of RNA secondary structure prediction and design software tools. Nucleic Acids Research, 31(13), 3416‚Äì3422. doi:10.1093/nar/gkg612
paralign	2001; 2005	Nucleic acids research; Nucleic acids research	9.112	172	66; 45	Torbj√∏rn Rognes:21	Torbj√∏rn Rognes:1.24	Rognes, T. (2001). ParAlign: a parallel sequence alignment algorithm for rapid and sensitive database searches. Nucleic acids research, 29(7), 1647-1652.; S√¶b√∏, P. E., Andersen, S. M., Myrseth, J., Laerdahl, J. K., & Rognes, T. (2005). PARALIGN: rapid and sensitive sequence similarity searches powered by parallel computing technology. Nucleic acids research, 33(suppl 2), W535-W539.
pass	2009	Bioinformatics	4.981	106	109	Giorgio Valle:44	Giorgio Valle:4.8	Campagna, Davide, et al. "PASS: a program to align short sequences." Bioinformatics 25.7 (2009): 967-968.
perm	2009	Bioinformatics	4.981	106	86	Yinlin Chen:82	Yinlin Chen:9.1	Chen, Yangho, Tade Souaiaia, and Ting Chen. "PerM: efficient mapping of short sequencing reads with periodic full sensitive spaced seeds." Bioinformatics 25.19 (2009): 2514-2521.
phylonetft	2008	BMC bioinformatics	2.576	74	107	Cuong Van Than:10; Luay Nakhleh:29	Cuong Van Than:1.1; Luay Nakhleh:2.0	Than, Cuong, Derek Ruths, and Luay Nakhleh. "PhyloNet: a software package for analyzing and reconstructing reticulate evolutionary relationships." BMC bioinformatics 9.1 (2008): 322.
phylopythias	2007; 2011	Nature methods 	32.072	125	398; 81	Alice Carolyn McHardy:32; Isidore Rigoutsos:50	Alice Carolyn McHardy:2.67; Isidore Rigoutsos:2.5	McHardy, A. C., Mart√≠n, H. G., Tsirigos, A., Hugenholtz, P., & Rigoutsos, I. (2007). Accurate phylogenetic classification of variable-length DNA fragments. Nature methods, 4(1), 63-72.; Patil, K. R., Haider, P., Pope, P. B., Turnbaugh, P. J., Morrison, M., Scheffer, T., & McHardy, A. C. (2011). Taxonomic metagenome sequence assignment with structured output models. Nature methods, 8(3), 191-192.
phymmbl	2009	Nature methods	32.072	125	305	NA	NA	Brady, A., & Salzberg, S. L. (2009). Phymm and PhymmBL: metagenomic phylogenetic classification with interpolated Markov models. Nature methods, 6(9), 673-676.
piler	2005	Bioinformatics	4.981	106	231	Robert C. Edgar:23	Robert C. Edgar:2.09	Edgar, Robert C., and Eugene W. Myers. "PILER: identification and classification of genomic repeats." Bioinformatics 21.suppl 1 (2005): i152-i158.
poa	2002	Bioinformatics	4.981	106	553	NA	NA	Lee, Christopher, Catherine Grasso, and Mark F. Sharlow. "Multiple sequence alignment using partial order graphs." Bioinformatics 18, no. 3 (2002): 452-464.
poy	NA	NA	NA	NA	55	Ward Wheeler:60	Ward Wheeler:2.61	Gladstein, D. S., & Wheeler, W. C. (1997). POY: The optimization of alignment characters. American Museum of Natural History, New York.
poystar	NA	NA	NA	NA	55	Ward Wheeler:60	Ward Wheeler:2.61	Gladstein, D. S., & Wheeler, W. C. (1997). POY: The optimization of alignment characters. American Museum of Natural History, New York.
pragcz	NA	NA	NA	NA	NA	NA	NA	NA
probalign	2006	Bioinformatics	4.981	106	151	Usman Roshan:14	Usman Roshan:1	Roshan, U., & Livesay, D. R. (2006). Probalign: multiple sequence alignment using partition function posterior probabilities. Bioinformatics, 22(22), 2715-2721.
probcons	2005	Genome research	14.630	107	888	Serafim Batzoglou:47	Serafim Batzoglou:3.1	Do, Chuong B., Mahathi SP Mahabhashyam, Michael Brudno, and Serafim Batzoglou. "ProbCons: Probabilistic consistency-based multiple sequence alignment." Genome research 15, no. 2 (2005): 330-340.
probtree	2008	Pacific Symposium on Biocomputing	NA	21	31	Tandy Warnow:48	Tandy Warnow:2.18	Nelesen, S. M., Liu, K., Zhao, D., Linder, C. R., & Warnow, T. (2008). The Effect of the Guide Tree on Multiple Sequence Alignments and Subsequent Phylogenetic Analysis. In Pacific Symposium on Biocomputing (Vol. 13, No. 2008, pp. 25-36).
process	2005	NA	NA	NA	32	NA	NA	Li, X., Gentleman, R., Lu, X., Shi, Q., Iglehart, J. D., Harris, L., & Miron, A. (2005). SELDI-TOF mass spectrometry protein data. In Bioinformatics and Computational Biology solutions using R and Bioconductor (pp. 91-109). Springer New York.
pso	NA	NA	NA	NA	NA	NA	NA	NA
pt	2006	Machine Learning: ECML 2006	NA	NA	281	Alessandro Moschitti:35	Alessandro Moschitti:2.69	Moschitti, Alessandro. "Efficient convolution kernels for dependency and constituent syntactic trees." In Machine Learning: ECML 2006, pp. 318-329. Springer Berlin Heidelberg, 2006.
qiime	2010	Nature methods	32.072	125	3432	Rob Knight:95	Rob Knight:9.5	Caporaso, J. Gregory, Justin Kuczynski, Jesse Stombaugh, Kyle Bittinger, Frederic D. Bushman, Elizabeth K. Costello, Noah Fierer et al. "QIIME allows analysis of high-throughput community sequencing data." Nature methods 7, no. 5 (2010): 335-336.
qsra	2009	BMC bioinformatics	2.576	74	71	Doug W. Bryant, Jr.:10	Doug W. Bryant, Jr.:1.67	Bryant, Douglas W., Weng-Keen Wong, and Todd C. Mockler. "QSRA‚Äìa quality-value guided de novo short read assembler." BMC bioinformatics 10, no. 1 (2009): 69.
quake	2010	Genome biology	10.800	83	314	David R Kelley:13	David R Kelley:1.86	Kelley, D. R., Schatz, M. C., & Salzberg, S. L. (2010). Quake: quality-aware detection and correction of sequencing errors. Genome Biol, 11(11), R116.
raiphy	2011	BMC bioinformatics	2.576	74	39	NA	NA	Nalbantoglu, O. U., Way, S. F., Hinrichs, S. H., & Sayood, K. (2011). RAIphy: phylogenetic classification of metagenomics samples using iterative refinement of relative abundance index profiles. BMC bioinformatics, 12(1), 41.
ravenna	2006	Bioinformatics	4.981	106	87	Walter L. Ruzzo:43	Walter L. Ruzzo:1.34	Weinberg, Zasha, and Walter L. Ruzzo. "Sequence-based heuristics for faster annotation of non-coding RNA families." Bioinformatics 22, no. 1 (2006): 35-39.
raxml	2014	Bioinformatics	4.981	106	708	Alexandros Stamatakis:40	Alexandros Stamatakis:3.33	Stamatakis, Alexandros. "RAxML version 8: a tool for phylogenetic analysis and post-analysis of large phylogenies." Bioinformatics 30.9 (2014): 1312-1313.
raxmllimited	2014	Bioinformatics	4.981	106	708	Alexandros Stamatakis:40	Alexandros Stamatakis:3.33	Stamatakis, Alexandros. "RAxML version 8: a tool for phylogenetic analysis and post-analysis of large phylogenies." Bioinformatics 30.9 (2014): 1312-1313.
rdiffparam	2013	Nucleic acids research	9.112	172	22	Philipp Drewe:8; Gunnar R√§tsch:53	Philipp Drewe:2; Gunnar R√§tsch:3.53	Drewe, Philipp, Oliver Stegle, Lisa Hartmann, Andr√© Kahles, Regina Bohnert, Andreas Wachter, Karsten Borgwardt, and Gunnar R√§tsch. "Accurate detection of differential RNA processing." Nucleic acids research 41, no. 10 (2013): 5189-5198.
repeatfinder	2001	Genome biology	10.800	83	151	NA	NA	Volfovsky, N., Haas, B. J., & Salzberg, S. L. (2001). A clustering method for repeat analysis in DNA sequences. Genome Biol, 2(8), 0027-1.
repeatgluer	2004	Genome research	14.630	107	194	NA	NA	Pevzner, P. A., Tang, H., & Tesler, G. (2004). De novo repeat classification and fragment assembly. Genome research, 14(9), 1786-1796.
repeatscout	2005	Bioinformatics	4.981	106	425	Pavel Pevzner:74	Pavel Pevzner:3.7	Price, A. L., Jones, N. C., & Pevzner, P. A. (2005). De novo identification of repeat families in large genomes. Bioinformatics, 21(suppl 1), i351-i358.
reptile	2010	Bioinformatics	4.981	106	99	Xiao Yang:12; Srinivas Aluru:31	Xiao Yang:1.09; Srinivas Aluru:1.55	Yang, X., Dorman, K. S., & Aluru, S. (2010). Reptile: representative tiling for short read error correction. Bioinformatics, 26(20), 2526-2533.
rmap	2009	Bioinformatics	4.981	106	114	NA	NA	Smith, A. D., Chung, W.-Y., Hodges, E., Kendall, J., Hannon, G., Hicks, J., ‚Ä¶ Zhang, M. Q. (2009). Updates to the RMAP short-read mapping software. Bioinformatics, 25(21), 2841‚Äì2842. doi:10.1093/bioinformatics/btp533
rnacofold	2006	Algorithms for molecular biology	1.463	19	174	NA	NA	Bernhart, S. H., Tafer, H., M√ºckstein, U., Flamm, C., Stadler, P. F., & Hofacker, I. L. (2006). Partition function and base pairing probabilities of RNA heterodimers. Algorithms for Molecular Biology : AMB, 1(1), 3. doi:10.1186/1748-7188-1-3
rnaduplex	2011	Algorithms for molecular biology	1.463	19	404	Ivo Hofacker:56; Ronny Lorenz:8	Ivo Hofacker:2.8; Ronny Lorenz:1.14	Lorenz, R., Bernhart, S. H., H√∂ner Zu Siederdissen, C., Tafer, H., Flamm, C., Stadler, P. F., & Hofacker, I. L. (2011). ViennaRNA Package 2.0. Algorithms for Molecular Biology : AMB, 6, 26. doi:10.1186/1748-7188-6-26
rnahybrid	2004	RNA	4.600	54	1173	NA	NA	Rehmsmeier, M., Steffen, P., Hochsmann, M., & Giegerich, R. (2004). Fast and effective prediction of microRNA/target duplexes. RNA (New York, N.Y.), 10(10), 1507‚Äì17. doi:10.1261/rna.5248604
rnaplex	2008	Bioinformatics	4.981	106	74	Ivo Hofacker:56	Ivo Hofacker:2.8	Tafer, H., & Hofacker, I. L. (2008). RNAplex: a fast tool for RNA-RNA interaction search. Bioinformatics (Oxford, England), 24(22), 2657‚Äì63. doi:10.1093/bioinformatics/btn193
rnaup	2006	Bioinformatics	4.981	106	209	Ivo Hofacker:56	Ivo Hofacker:2.8	M√ºckstein, U., Tafer, H., Hackerm√ºller, J., Bernhart, S. H., Stadler, P. F., & Hofacker, I. L. (2006). Thermodynamics of RNA-RNA binding. Bioinformatics (Oxford, England), 22(10), 1177‚Äì82. doi:10.1093/bioinformatics/btl024
rsearch	2003	BMC bioinformatics	2.576	74	284	Sean R. Eddy:71	Sean R. Eddy:4.18	Klein, Robert J., and Sean R. Eddy. "RSEARCH: finding homologs of single structured RNA sequences." BMC bioinformatics 4, no. 1 (2003): 44.
rsmatch	2005	BMC bioinformatics	2.576	74	61	Bin Tian:36	Bin Tian:2.57	Liu, Jianghui, Jason TL Wang, Jun Hu, and Bin Tian. "A method for aligning RNA secondary structures and its application to RNA motif detection." BMC bioinformatics 6, no. 1 (2005): 89.
sam	1995	Bioinformatics	4.981	106	549	Richard Hughey:30	Richard Hughey:1.36	Hughey, Richard, and Anders Krogh. "Hidden Markov models for sequence analysis: extension and analysis of the basic method." Computer applications in the biosciences: CABIOS 12, no. 2 (1996): 95-107.
sate	2011	Systematic biology	14.387	57	138	C. Randal Linder:34	C. Randal Linder:1.6	Liu, Kevin, et al. "SATe-II: very fast and accurate simultaneous estimation of multiple sequence alignments and phylogenetic trees." Systematic biology (2011): syr095.
scro	NA	NA	NA	NA	NA	NA	NA	NA
scwrl	2003	Protein science	2.854	39	995	Roland Dunbrack:46	Roland Dunbrack:2.19	Canutescu, A. A., Shelenkov, A. A., & Dunbrack, R. L. (2003). A graph‚Äêtheory algorithm for rapid protein side‚Äêchain prediction. Protein science, 12(9), 2001-2014.
scwrlcons	2003	Protein science	2.854	39	995	Roland Dunbrack:46	Roland Dunbrack:2.19	Canutescu, A. A., Shelenkov, A. A., & Dunbrack, R. L. (2003). A graph‚Äêtheory algorithm for rapid protein side‚Äêchain prediction. Protein science, 12(9), 2001-2014.
segemehl	2009	PLoS Computational Biology	4.620	74	215	NA	NA	Hoffmann, Steve, et al. "Fast mapping of short sequences with mismatches, insertions and deletions using index structures." PLoS Comput Biol 5.9 (2009): e1000502.
segmodencad	1992	Journal of molecular biology	‚Äé4.333	62	586	Michael Levitt:84	Michael Levitt:2.21	Levitt, M. (1992). Accurate modeling of protein conformation by automatic segment matching. Journal of molecular biology, 226(2), 507-533.
seqgsea	2014	Bioinformatics	4.981	106	9	Murray Cairns:27	Murray Cairns:1.59	Wang, Xi, and Murray J. Cairns. "SeqGSEA: a Bioconductor package for gene set enrichment analysis of RNA-Seq data integrating differential expression and splicing." Bioinformatics (2014): btu090.
seqman	NA	NA	NA	NA	NA	NA	NA	http://www.dnastar.com/t-nextgen-seqman-ngen.aspx
seqmap	2008	Bioinformatics	4.981	106	275	NA	NA	Jiang, H., & Wong, W. H. (2008). SeqMap: mapping massive amount of oligonucleotides to the genome. Bioinformatics, 24(20), 2395-2396.
sga	2012	Genome research	14.630	107	264	Richard Durbin:104	Richard Durbin:4.95	Simpson, Jared T., and Richard Durbin. "Efficient de novo assembly of large genomes using compressed data structures." Genome research 22.3 (2012): 549-556.
sharcgs	2007	Genome research	14.630	107	267	NA	NA	Dohm, Juliane C., Claudio Lottaz, Tatiana Borodina, and Heinz Himmelbauer. "SHARCGS, a fast and highly accurate short-read assembly algorithm for de novo genomic sequencing." Genome research 17, no. 11 (2007): 1697-1706.
shrimp	2009	PLoS Computational Biology	4.620	74	423	Michael Brudno:37	Michael Brudno:2.64	Rumble, S. M., Lacroute, P., Dalca, A. V., Fiume, M., Sidow, A., & Brudno, M. (2009). SHRiMP: accurate mapping of short color-space reads.
simulatedannealing	1990	NA	NA	NA	480	Emile Aarts:43	Emile Aarts:1.59	AARTS/KORST. (1990). Simulated annealing and boltzmann machines. A stochastic approach to combinatorial optimization and neural computing. John Wiley..
sl	2006	Proc. of the 11st Conf. of the European Chapter of the Association for Computational Linguistics (EACL'06)	NA	NA	220	Claudio Giuliano:17; Alberto Lavelli:19	Claudio Giuliano:1.55; Alberto Lavelli:0.86	Giuliano, Claudio, Alberto Lavelli, and Lorenza Romano. "Exploiting shallow linguistic information for relation extraction from biomedical literature." In EACL, vol. 18, pp. 401-408. 2006.
smalt	NA	NA	NA	NA	NA	NA	NA	http://www.sanger.ac.uk/science/tools/smalt-0
snap	2011	arXiv Data Structures and Algorithms (cs.DS)	NA	53	26	Matei Zaharia:26	Matei Zaharia:2.8	Zaharia, Matei, et al. "Faster and more accurate sequence alignment with SNAP." arXiv preprint arXiv:1111.5572 (2011).
snpruler	2010	Bioinformatics	4.981	106	74	Weichuan Yu:21	Weichuan Yu:1.24	Wan, X., Yang, C., Yang, Q., Xue, H., Tang, N. L., & Yu, W. (2010). Predictive rule inference for epistatic interaction detection in genome-wide association studies. Bioinformatics, 26(1), 30-37.
snver	2011	Nucleic acids research	9.100	172	102	Zhi Wei:21	Zhi Wei:2.33	Wei, Z., Wang, W., Hu, P., Lyon, G. J., & Hakonarson, H. (2011). SNVer: a statistical tool for variant calling in analysis of pooled or individual next-generation sequencing data. Nucleic acids research, 39(19), e132-e132.
soap	2008	Bioinformatics	4.981	106	1262	NA	NA	Li, R., Li, Y., Kristiansen, K., & Wang, J. (2008). SOAP: short oligonucleotide alignment program. Bioinformatics, 24(5), 713-714.
soap2	2009	Bioinformatics	4.981	106	1588	NA	NA	Li, R., Yu, C., Li, Y., Lam, T.-W., Yiu, S.-M., Kristiansen, K., & Wang, J. (2009). SOAP2: an improved ultrafast tool for short read alignment. Bioinformatics (Oxford, England), 25(15), 1966‚Äì7. doi:10.1093/bioinformatics/btp336
soapdenovo	2012; 2010	Gigascience; Genome research	14.630	107	535; 1322	NA	NA	Luo, Ruibang, Binghang Liu, Yinlong Xie, Zhenyu Li, Weihua Huang, Jianying Yuan, Guangzhu He et al. "SOAPdenovo2: an empirically improved memory-efficient short-read de novo assembler." Gigascience 1, no. 1 (2012): 18.; Li, Ruiqiang, Hongmei Zhu, Jue Ruan, Wubin Qian, Xiaodong Fang, Zhongbin Shi, Yingrui Li et al. "De novo assembly of human genomes with massively parallel short read sequencing." Genome research 20, no. 2 (2010): 265-272.
soapec	2010	Genome research	14.630	107	1322	NA	NA	Li, Ruiqiang, Hongmei Zhu, Jue Ruan, Wubin Qian, Xiaodong Fang, Zhongbin Shi, Yingrui Li et al. "De novo assembly of human genomes with massively parallel short read sequencing." Genome research 20, no. 2 (2010): 265-272.
soapstar	2009	Bioinformatics	4.981	106	1588	NA	NA	Li, R., Yu, C., Li, Y., Lam, T.-W., Yiu, S.-M., Kristiansen, K., & Wang, J. (2009). SOAP2: an improved ultrafast tool for short read alignment. Bioinformatics (Oxford, England), 25(15), 1966‚Äì7. doi:10.1093/bioinformatics/btp336
spades	2012	Journal of computational biology	1.737	31	559	 Max A. Alekseyev:14	 Max A. Alekseyev:1.17	Bankevich, Anton, Sergey Nurk, Dmitry Antipov, Alexey A. Gurevich, Mikhail Dvorkin, Alexander S. Kulikov, Valery M. Lesin et al. "SPAdes: a new genome assembly algorithm and its applications to single-cell sequencing." Journal of Computational Biology 19, no. 5 (2012): 455-477.
sparse	2012	BMC bioinformatics	2.576	74	34	Mihai Pop:42	Mihai Pop:3.5	Ye, C., Ma, Z. S., Cannon, C. H., Pop, M., & Douglas, W. Y. (2012). Exploiting sparseness in de novo genome assembly. BMC bioinformatics, 13(Suppl 6), S1.
sparseassembler	2012	BMC bioinformatics	2.576	74	34	Mihai Pop:42	Mihai Pop:3.5	Ye, C., Ma, Z. S., Cannon, C. H., Pop, M., & Douglas, W. Y. (2012). Exploiting sparseness in de novo genome assembly. BMC bioinformatics, 13(Suppl 6), S1.
spcomp	2013	Bioinformatics	4.981	106	24	NA	NA	Aschoff, Moritz, Agnes Hotz-Wagenblatt, Karl-Heinz Glatting, Matthias Fischer, Roland Eils, and Rainer K√∂nig. "SplicingCompass: differential splicing detection using RNA-Seq data." Bioinformatics (2013): btt101.
specarray	2005	Molecular & Cellular Proteomics	6.564	74	192	NA	NA	Li, X. J., Eugene, C. Y., Kemp, C. J., Zhang, H., & Aebersold, R. (2005). A software suite for the generation and comparison of peptide arrays from sets of data collected by liquid chromatography-mass spectrometry. Molecular & Cellular Proteomics, 4(9), 1328-1340.
spt	2007	Information and Media Technologies	NA	12	33	Hisashi Kashima:24; Tetsuji Kuboyama:11	Hisashi Kashima:2; Tetsuji Kuboyama:0.69	Kuboyama, Tetsuji, Kouichi Hirata, Hisashi Kashima, Kiyoko F. Aoki-Kinoshita, and Hiroshi Yasuda. "A spectrum tree kernel." Information and Media Technologies 2, no. 1 (2007): 292-299.
srmapper	2012	Bioinformatics	4.981	106	9	NA	NA	Gontarz, P. M., Berger, J., & Wong, C. F. (2012). SRmapper: a fast and sensitive genome-hashing alignment tool. Bioinformatics, bts712.
ssaha	2001	Genome research	14.630	107	863	Jim Mullikin:65	Jim Mullikin:4.64	Ning, Z., Cox, A. J., & Mullikin, J. C. (2001). SSAHA: a fast search method for large DNA databases. Genome research, 11(10), 1725-1729.
ssake	2007	Bioinformatics	4.981	106	411	Ren√© L Warren:22	Ren√© L Warren:1.29	Warren, Ren√© L., Granger G. Sutton, Steven JM Jones, and Robert A. Holt. "Assembling millions of short DNA sequences using SSAKE." Bioinformatics23, no. 4 (2007): 500-501.
ssap	1989	Journal of molecular biology	‚Äé4.333	62	742	Christine Orengo:67	Christine Orengo:3.05	Taylor, W. R., & Orengo, C. A. (1989). Protein structure alignment. Journal of molecular biology, 208(1), 1-22.
ssearch	1991	Genomics	2.284	30	501	William Pearson:43	William Pearson:1.43	Pearson, William R. "Searching protein sequence libraries: comparison of the sensitivity and selectivity of the Smith-Waterman and FASTA algorithms."Genomics 11, no. 3 (1991): 635-650.
ssm	2003	NA	NA	NA	55	E Krissinel:29; Kim Henrick:45	E Krissinel:1.71; Kim Henrick:2.37	Krissinel, E., & Henrick, K. (2003, September). Protein structure comparison in 3D based on secondary structure matching (SSM) followed by C-alpha alignment, scored by a new structural similarity function. In Proceedings of the 5th international conference on molecular structural biology (Vol. 88). Vienna.
sst	2001	Proc. of Neural Information Processing Systems (NIPS'01)	NA	NA	828	Michael Collins:47; Nigel Duffy:10	Michael Collins:2.16; Nigel Duffy:0.67	Collins, Michael, and Nigel Duffy. "Convolution kernels for natural language." InAdvances in neural information processing systems, pp. 625-632. 2001.
st	2004	Kernel methods in computational biology (book)	NA	NA	338	S V N Vishwanathan:31; Alex Smola:88	S V N Vishwanathan:2.58; Alex Smola:5.5	Vishwanathan, S. V. N., and Alexander Johannes Smola. "Fast kernels for string and tree matching." Kernel methods in computational biology (2004): 113-130.
starbeast	2010	Molecular biology and evolution	9.105	65	1000	Joseph Heled:10	Joseph Heled:1.43	Heled, J., & Drummond, A. J. (2010). Bayesian inference of species trees from multilocus data. Molecular biology and evolution, 27(3), 570-580.
strcutal	1993	Current Biology	9.571	95	182	Michael Levitt:84	Michael Levitt:2.21	Subbiah, S., Laurents, D. V., & Levitt, M. (1993). Structural similarity of DNA-binding domains of bacteriophage repressors and the globin core. Current Biology, 3(3), 141-148.
swissmodel	2003	Nucleic acids research	9.100	172	4243	Torsten Schwede:37	Torsten Schwede:2.85	Schwede, T., Kopp, J., Guex, N., & Peitsch, M. C. (2003). SWISS-MODEL: an automated protein homology-modeling server. Nucleic acids research, 31(13), 3381-3385.
taipan	2009	Bioinformatics	4.981	106	52	Bertil Schmidt:30	Bertil Schmidt:2	Schmidt, Bertil, Ranjan Sinha, Bryan Beresford-Smith, and Simon J. Puglisi. "A fast hybrid short read fragment assembly algorithm." Bioinformatics 25, no. 17 (2009): 2279-2280.
targetrna	2008	Nucleic acids research	9.100	172	88	Brian Tjaden:16	Brian Tjaden:1.33	Tjaden, B. (2008). TargetRNA: a tool for predicting targets of small RNA action in bacteria. Nucleic acids research, 36(suppl 2), W109-W113.
targetrna2	2014	Nucleic acids research	9.100	172	9	Brian Tjaden:16	Brian Tjaden:1.33	Kery, M. B., Feldman, M., Livny, J., & Tjaden, B. (2014). TargetRNA2: identifying targets of small regulatory RNAs in bacteria. Nucleic Acids Research, 42(Web Server issue), W124‚Äì9. doi:10.1093/nar/gku317
taxatortk	2015	Bioinformatics	4.981	106	7	Alice Carolyn McHardy:32	Alice Carolyn McHardy:2.67	Dr√∂ge, Johannes, Ivan Gregor, and A. C. McHardy. "Taxator-tk: precise taxonomic assignment of metagenomes by fast approximation of evolutionary neighborhoods." Bioinformatics 31, no. 6 (2015): 817-824.
tcoffee	2000	Journal of molecular biology	‚Äé4.333	62	4733	Cedric Notredame:35	Cedric Notredame:2.5	Notredame, C√©dric, Desmond G. Higgins, and Jaap Heringa. "T-Coffee: A novel method for fast and accurate multiple sequence alignment." Journal of molecular biology 302, no. 1 (2000): 205-217.
team	2010	Bioinformatics	4.981	106	82	NA	NA	Zhang, X., Huang, S., Zou, F., & Wang, W. (2010). TEAM: efficient two-locus epistasis tests in human genome-wide association study. Bioinformatics,26(12), i217-i227.
tmap	NA	NA	NA	NA	NA	NA	NA	https://github.com/iontorrent/TMAP
tophatfusion	2013	Genome Biology	10.800	83	1315	Daehwan Kim:4	Daehwan Kim:1	Kim, D., Pertea, G., Trapnell, C., Pimentel, H., Kelley, R., & Salzberg, S. L. (2013). TopHat2: accurate alignment of transcriptomes in the presence of insertions, deletions and gene fusions. Genome Biol, 14(4), R36.
transabyss	2010	Nature methods	32.072	125	382	Inanc Birol:36	Inanc Birol:4.5	Robertson, G., Schein, J., Chiu, R., Corbett, R., Field, M., Jackman, S. D., ... & Birol, I. (2010). De novo assembly and analysis of RNA-seq data. Nature methods, 7(11), 909-912.
trinity	2011	Nature biotechnology	41.514	141	2253	Nir Friedman:76	Nir Friedman:4.47	Grabherr, M. G., Haas, B. J., Yassour, M., Levin, J. Z., Thompson, D. A., Amit, I., ... & Regev, A. (2011). Full-length transcriptome assembly from RNA-Seq data without a reference genome. Nature biotechnology, 29(7), 644-652.
upmes	NA	NA	NA	NA	NA	NA	NA	NA
varscan	2012	Genome research	14.630	107	678	Richard K. Wilson:118	Richard K. Wilson:6.94	Koboldt, D.C., Zhang, Q., Larson, D.E., Shen, D., McLellan, M.D., Lin, L., Miller, C.A., Mardis, E.R., Ding, L. and Wilson, R.K., 2012. VarScan 2: somatic mutation and copy number alteration discovery in cancer by exome sequencing. Genome research, 22(3), pp.568-576.
vcake	2007	Bioinformatics	4.981	106	233	William Jeck:12	William Jeck:1.5	Jeck, William R., Josephine A. Reinhardt, David A. Baltrus, Matthew T. Hickenbotham, Vincent Magrini, Elaine R. Mardis, Jeffery L. Dangl, and Corbin D. Jones. "Extending assembly of short DNA sequences to handle error."Bioinformatics 23, no. 21 (2007): 2942-2944.
velvet	2008	Genome research	14.630	107	4136	Ewan Birney:92	Ewan Birney:6.13	Zerbino, Daniel R., and Ewan Birney. "Velvet: algorithms for de novo short read assembly using de Bruijn graphs." Genome research 18, no. 5 (2008): 821-829.
wmrpmp	1996	Systematic biology	14.387	57	74	NA	NA	Ronquist, Fredrik. "Matrix representation of trees, redundancy, and weighting."Systematic Biology (1996): 247-253.
woodhams	NA	NA	NA	NA	NA	NA	NA	NA
wublast	2003	Nucleic acids research	9.100	172	134	NA	NA	Lopez, Rodrigo, Ville Silventoinen, Stephen Robinson, Asif Kibria, and Warren Gish. "WU-Blast2 server at the European bioinformatics institute." Nucleic acids research 31, no. 13 (2003): 3795-3798.
xalign	2005	Bioinformatics	4.981	106	69	Xiang Zhang:25	Xiang Zhang:1.67	Zhang, X., Asara, J. M., Adamec, J., Ouzzani, M., & Elmagarmid, A. K. (2005). Data pre-processing in liquid chromatography‚Äìmass spectrometry-based proteomics. Bioinformatics, 21(21), 4054-4059.
xcmswithcorrection	2006	Analytical chemistry	5.636	103	1339	Gary Siuzdak:65	Gary Siuzdak:3.42	Smith, C. A., Want, E. J., O'Maille, G., Abagyan, R., & Siuzdak, G. (2006). XCMS: processing mass spectrometry data for metabolite profiling using nonlinear peak alignment, matching, and identification. Analytical chemistry, 78(3), 779-787.
xcmswithoutretentiontime	2006	Analytical chemistry	5.636	103	1339	Gary Siuzdak:65	Gary Siuzdak:3.42	Smith, C. A., Want, E. J., O'Maille, G., Abagyan, R., & Siuzdak, G. (2006). XCMS: processing mass spectrometry data for metabolite profiling using nonlinear peak alignment, matching, and identification. Analytical chemistry, 78(3), 779-787.
zema	NA	NA	NA	NA	NA	NA	NA	NA